Hid,Name,County,City,Beds,ICU Beds,Discharges,Patient Days,Revenue ($000)
902638,Alamance Regional Medical Center,Alamance,Burlington,212,,10818,38961,840268
806786,Atrium Health Anson,Anson,Wadesboro,15,,341,750,89101
381349,Vidant Beaufort Hospital,Beaufort,Washington,91,,2944,13751,220336
532427,Novant Health Brunswick Medical Center,Brunswick,Bolivia,61,,4202,15379,386872
807900,Charles George VA Medical Center - Asheville NC,Buncombe,Asheville,0,,0,0,0
819739,Mission Hospital - Memorial Campus,Buncombe,Asheville,761,0,31525,214853,4097778
469073,Mission Saint Joseph Campus,Buncombe,Asheville,0,0,0,0,0
780995,Carolinas HealthCare System - Blue Ridge,Burke,Morgantown,156,0,6994,28897,891733
387958,Atrium Health Cabarrus,Cabarrus,Concord,457,0,25750,110544,2381292
398254,Caldwell Memorial Hospital,Caldwell,Lenoir,110,0,4338,20350,381562
645347,Carteret Healthcare,Carteret,Morehead City,99,0,5959,25591,462345
983880,Catawba Valley Medical Center,Catawba,Hickory,258,0,11849,38176,1061978
856640,Frye Regional Medical Center,Catawba,Hickory,355,0,7258,31546,1323592
632327,Atrium Health Kings Mountain,Cleveland,Kings Mountain,62,0,1717,7226,220434
953643,Atrium Health Cleveland,Cleveland,Shelby,241,0,8653,35584,933967
709264,Columbus Regional Healthcare System,Columbus,Whiteville,154,0,4492,18758,289892
437956,CarolinaEast Medical Center,Craven,New Bern,307,0,13714,67149,1290311
636985,Cape Fear Valley Medical Center,Cumberland,Fayetteville,647,0,35994,184305,2719280
603643,Fayetteville VA Medical Center,Cumberland,Fayetteville,0,0,0,0,0
448536,Womack Army Medical Center,Cumberland,Fort Bragg,0,0,0,0,0
347625,Wake Forest Baptist Health Lexington Medical Center,Davidson,Lexington,80,0,3849,12415,388044
564011,Novant Health Thomasville Medical Center,Davidson,Thomasville,119,0,3767,13988,296992
514080,Davie Medical Center,Davie,Bermuda Run,18,0,1694,3754,293039
389292,Vidant Duplin Hospital,Duplin,Kenansville,74,0,2562,10836,158017
486867,Duke Regional Hospital,Durham,Durham,354,0,15952,73688,1370950
367332,Duke University Hospital,Durham,Durham,977,0,43055,309836,8226868
649379,Durham VA Medical Center,Durham,Durham,0,0,0,0,0
352723,North Carolina Specialty Hospital,Durham,Durham,18,0,1621,3112,119210
559468,Vidant Edgecombe Hospital,Edgecombe,Tarboro,117,0,3259,14240,264451
948995,Nash General Hospital,Edgecombe,Rocky Mount,345,0,11870,53792,909379
525009,Novant Health Kernersville Medical Center,Forsyth,Kernersville,0,0,0,0,0
508005,Brenner Children's Hospital,Forsyth,Winston-Salem,0,0,0,0,0
379938,Novant Health Forsyth Medical Center,Forsyth,Winston-Salem,901,0,42420,240460,3670104
970400,Novant Health Medical Park Hospital,Forsyth,Winston-Salem,22,0,895,2718,176154
266559,Wake Forest Baptist Medical Center,Forsyth,Winston-Salem,870,0,36712,233152,6190811
497511,CaroMont Regional Medical Center,Gaston,Gastonia,383,0,23028,107417,1906321
924733,Granville Medical Center,Granville,Oxford,122,0,1857,6313,174993
981627,Cone Health Wesley Long Hospital,Guilford,Greensboro,0,0,0,0,0
273005,Cone Health Women's Hospital,Guilford,Greensboro,0,0,0,0,0
557082,The Moses H. Cone Memorial Hospital,Guilford,Greensboro,823,0,44883,201563,3409476
247946,Wake Forest Baptist Health -High Point Medical Center,Guilford,High Point,304,0,15376,67732,1152800
416989,Vidant North Hospital,Halifax,Roanoke Rapids,124,0,4302,19368,272618
990042,Central Harnett Hospital,Harnett,Lillington,0,0,0,0,0
402535,Haywood Regional Medical Center,Haywood,Clyde,138,0,4556,17420,553865
463640,AdventHealth Hendersonville,Henderson,Hendersonville,98,0,3375,14009,572223
200513,Pardee Hospital,Henderson,Hendersonville,160,0,8421,32517,794799
533039,Vidant Roanoke-Chowan Hospital,Hertford,Ahoskie,98,0,3274,13459,211919
669454,Cape Fear Valley Hoke Hospital,Hoke,Raeford,41,0,1491,4094,175006
373127,FirstHealth Moore Regional Hospital-Hoke Campus,Hoke,Raeford,0,0,0,0,0
145749,Lake Norman Regional Medical Center,Iredell,Mooresville,123,0,5391,15750,716052
182645,Iredell Memorial Hospital,Iredell,Statesville,203,0,7574,35213,627906
790183,Davis Regional Medical Center,Iredell,Statesville,144,0,3244,13432,352914
176816,Harris Regional Hospital,Jackson,Sylva,82,0,3310,13165,395402
658490,Johnston Health Clayton,Johnston,Clayton,0,0,0,0,0
534889,Johnston Health Smithfield,Johnston,Smithfield,199,0,11459,37585,1001509
800212,Central Carolina Hospital,Lee,Sanford,127,0,4879,15736,424105
649327,Lenoir UNC Health Care,Lenoir,Kinston,167,0,5520,25447,285727
408552,Atrium Health Lincoln,Lincoln,Lincolnton,101,0,4571,19725,571654
351839,Martin General Hospital,Martin,Williamston,43,0,1140,4326,171959
706904,Mission Hospital McDowell,McDowell,Marion,49,0,2014,8231,235691
874993,Atrium Health Mercy,Mecklenburg,Charlotte,0,0,0,0,0
986363,Atrium Health Pineville,Mecklenburg,Charlotte,250,0,16914,71440,1700785
108159,Atrium Health University City,Mecklenburg,Charlotte,100,0,6968,29611,946276
440318,Carolinas Medical Center,Mecklenburg,Charlotte,1257,0,62650,327442,8254196
414883,Novant Health Charlotte Orthopaedic Hospital,Mecklenburg,Charlotte,80,0,3449,8860,299094
921783,Novant Health Presbyterian Medical Center,Mecklenburg,Charlotte,602,0,27191,141500,3032915
181477,Betsy Johnson Regional Hospital,Mecklenburg,Dunn,126,0,5514,18729,410244
537339,Novant Health Huntersville Medical Center,Mecklenburg,Huntersville,93,0,9010,27699,640072
943877,Novant Health Matthews Medical Center,Mecklenburg,Matthews,123,0,10279,41791,793002
211186,Novant Health Mint Hill Medical Center,Mecklenburg,Mint Hill,28,0,1416,4740,131317
633428,FirstHealth Moore Regional Hospital,Moore,Pinehurst,449,0,24349,104277,2447745
577023,New Hanover Regional Medical Center,New Hanover,Wilmington,798,0,35953,192812,3971472
716976,New Hanover Regional Medical Center - Orthopedic Hospital,New Hanover,Wilmington,94,0,3813,15775,70996
386451,Wilmington Treatment Center,New Hanover,Wilmington,92,0,1207,17802,42599
844868,Naval Hospital Camp Lejeune,Onslow,Camp Lejeune,0,0,0,0,0
923602,Onslow Memorial Hospital,Onslow,Jacksonville,162,0,7706,30840,444452
342562,UNC Medical Center,Orange,Chapel Hill,937,0,37342,254763,5209505
227959,UNC Hospitals Hillsborough Campus,Orange,Hillsborough,83,18,0,0,0
179385,Sentara Albemarle Medical Center,Pasquotank,Elizabeth City,91,0,4818,20294,360513
426318,Person Memorial Hospital,Person,Roxboro,98,0,986,3392,153820
469775,Maynard Children's Hospital,Pitt,Greenville,0,0,0,0,0
320135,Vidant Medical Center,Pitt,Greenville,974,0,40664,253419,3288731
104743,Randolph Hospital,Randolph,Asheboro,145,0,5384,14511,321671
823193,FirstHealth Moore Regional Hospital-Richmond,Richmond,Rockingham,141,0,3427,12150,116192
261659,Southeastern Regional Medical Center,Robeson,Lumberton,361,0,12747,57730,911772
435999,UNC Rockingham Health Care,Rockingham,Eden,229,0,3207,10875,168641
210686,Cone Health Annie Penn Hospital,Rockingham,Reidsville,152,0,3661,15686,86584
846410,Novant Health Rowan Medical Center,Rowan,Salisbury,199,0,9946,44771,767857
361498,"W. G. (Bill) Hefner VA Medical Center - Salisbury, NC",Rowan,Salisbury,0,0,0,0,0
257730,Rutherford Hospital,Rutherford,Rutherfordton,125,0,3170,11012,367752
999730,Sampson Regional Medical Center,Sampson,Clinton,59,0,2808,9403,199985
881945,Scotland Memorial Hospital,Scotland,Laurinburg,104,0,5673,21744,585613
790997,Atrium Health Stanly,Stanly,Albemarle,109,0,3313,12279,404346
244155,Hugh Chatham Memorial Hospital,Surry,Elkin,81,0,3729,13155,344848
679720,Northern Regional Hospital,Surry,Mount Airy,133,0,3476,14320,242003
555576,Cherokee Indian Hospital,Swain,Cherokee,20,0,821,1787,0
657355,Atrium Health Union,Union,Monroe,252,0,8954,35302,990848
815687,Maria Parham Medical Center,Vance,Henderson,102,0,4446,18019,465834
286565,WakeMed Cary Hospital,Wake,Cary,196,0,12844,55325,1119356
390281,Central Prison Hospital,Wake,Raleigh,0,0,0,0,0
420506,Duke Raleigh Hospital,Wake,Raleigh,175,0,9605,48703,1936438
703789,North Hospital,Wake,Raleigh,0,0,0,0,0
340099,UNC Rex Healthcare,Wake,Raleigh,559,0,28737,122933,3092382
237144,WakeMed Raleigh Campus,Wake,Raleigh,694,0,33669,177482,3836138
122415,Watauga Medical Center,Watuga,Boone,95,0,4318,15155,411978
888949,Wayne UNC Health Care,Wayne,Goldsboro,261,0,10306,49863,620159
481694,Wake Forest Baptist Health - Wilkes Medical Center,Wilkes,North Wilkesboro,103,0,3609,11808,281029
895724,Wilson Medical Center,Wilson,Wilson,294,0,6650,26771,559909
